Title,Sale Price,Full Price,Book ID,Supplier,Author,Translator,Publisher,Year,Language,Weight,Size,Page,Cover Type,Description
Cây Cam Ngọt Của Tôi,84.240 đ,108.000,8935235228351,Nhã Nam,José Mauro de Vasconcelos,"Nguyễn Bích Lan, Tô Yến Ly",NXB Hội Nhà Văn,2020,,280,20 x 14.5 cm,244,Bìa Mềm,"“Vị chua chát của cái nghèo hòa trộn với vị ngọt ngào khi khám phá ra những điều khiến cuộc đời này đáng sống... một tác phẩm kinh điển của Brazil.” - Booklist
“Một cách nhìn cuộc sống gần như hoàn chỉnh từ con mắt trẻ thơ… có sức mạnh sưởi ấm và làm tan nát cõi lòng, dù người đọc ở lứa tuổi nào.” - The National
Hãy làm quen với Zezé, cậu bé tinh nghịch siêu hạng đồng thời cũng đáng yêu bậc nhất, với ước mơ lớn lên trở thành nhà thơ cổ thắt nơ bướm. Chẳng phải ai cũng công nhận khoản “đáng yêu” kia đâu nhé. Bởi vì, ở cái xóm ngoại ô nghèo ấy, nỗi khắc khổ bủa vây đã che mờ mắt người ta trước trái tim thiện lương cùng trí tưởng tượng tuyệt vời của cậu bé con năm tuổi.
Có hề gì đâu bao nhiêu là hắt hủi, đánh mắng, vì Zezé đã có một người bạn đặc biệt để trút nỗi lòng: cây cam ngọt nơi vườn sau. Và cả một người bạn nữa, bằng xương bằng thịt, một ngày kia xuất hiện, cho cậu bé nhạy cảm khôn sớm biết thế nào là trìu mến, thế nào là nỗi đau, và mãi mãi thay đổi cuộc đời cậu."
Trường Ca Achilles,121.680 đ,156.000,8935244843545,Nhà Xuất Bản Kim Đồng,Madeline Miller,,NXB Kim Đồng,2020,,450,22.5 x 14 cm,444,Bìa Mềm,"HUYỀN THOẠI BẮT ĐẦU…
Hy Lạp vào thời hoàng kim của các anh hùng. Patroclus là một hoàng tử trẻ vụng về, bị trục xuất tới vương quốc Phthia và được nuôi dạy dưới sự che chở của vua Peleus cùng cậu con trai hoàng kim của ngài, Achilles. “Người Hy Lạp vĩ đại nhất” – mạnh mẽ, đẹp đẽ, và mang nửa dòng máu của một nữ thần – Achilles là tất cả những gì mà Patroclus không bao giờ có được. Nhưng bất chấp sự khác biệt giữa họ, hai cậu bé trở thành chiến hữu trung thành của nhau. Tình cảm giữa họ càng đậm sâu khi cả hai lớn lên thành những chàng trai trẻ, thành thạo trong kĩ nghệ chiến đấu và y dược.
Khi tin tức truyền tới rằng nàng Helen xứ Sparta đã bị bắt cóc, những chiến binh Hy Lạp, bị trói buộc bởi lời thề máu, phải nhân danh nàng mà vây hãm thành Troy. Bị cám dỗ bởi lời hứa hẹn về một số mệnh huy hoàng, Achilles tham gia hàng ngũ của họ. Bị giằng xé giữa tình yêu và nỗi lo sợ dành cho người bạn của mình, Patroclus ra trận theo Achilles. Họ không hay biết rằng các nữ thần Số Phận sẽ thử thách cả hai người họ hơn bao giờ hết và đòi hỏi một sự hi sinh khủng khiếp."
Nhà Giả Kim (Tái Bản 2020),61.620 đ,79.000,8935235226272,Nhã Nam,Paulo Coelho,Lê Chu Cầu,NXB Hội Nhà Văn,2020,,220,20.5 x 13 cm,227,Bìa Mềm,"Tất cả những trải nghiệm trong chuyến phiêu du theo đuổi vận mệnh của mình đã giúp Santiago thấu hiểu được ý nghĩa sâu xa nhất của hạnh phúc, hòa hợp với vũ trụ và con người. 
Tiểu thuyết Nhà giả kim của Paulo Coelho như một câu chuyện cổ tích giản dị, nhân ái, giàu chất thơ, thấm đẫm những minh triết huyền bí của phương Đông. Trong lần xuất bản đầu tiên tại Brazil vào năm 1988, sách chỉ bán được 900 bản. Nhưng, với số phận đặc biệt của cuốn sách dành cho toàn nhân loại, vượt ra ngoài biên giới quốc gia, Nhà giả kim đã làm rung động hàng triệu tâm hồn, trở thành một trong những cuốn sách bán chạy nhất mọi thời đại, và có thể làm thay đổi cuộc đời người đọc.
“Nhưng nhà luyện kim đan không quan tâm mấy đến những điều ấy. Ông đã từng thấy nhiều người đến rồi đi, trong khi ốc đảo và sa mạc vẫn là ốc đảo và sa mạc. Ông đã thấy vua chúa và kẻ ăn xin đi qua biển cát này, cái biển cát thường xuyên thay hình đổi dạng vì gió thổi nhưng vẫn mãi mãi là biển cát mà ông đã biết từ thuở nhỏ. Tuy vậy, tự đáy lòng mình, ông không thể không cảm thấy vui trước hạnh phúc của mỗi người lữ khách, sau bao ngày chỉ có cát vàng với trời xanh nay được thấy chà là xanh tươi hiện ra trước mắt. ‘Có thể Thượng đế tạo ra sa mạc chỉ để cho con người biết quý trọng cây chà là,’ ông nghĩ.”"
Sưởi Ấm Mặt Trời - Phần Tiếp Theo Của Cây Cam Ngọt Của Tôi,124.800 đ,160.000,8935235242173,Nhã Nam,Joses Mauro De Vasconcelos,Đặng Bảo Kim,Hội Nhà Văn,2024,,400,20.5 x 14 x 1.8 cm,376,Bìa Mềm,"Sưởi Ấm Mặt Trời
Zezé, cậu bé tinh nghịch siêu hạng đồng thời cũng đáng yêu bậc nhất ngày ngào giờ đã thoát khỏi cuộc sống nghèo khó, cũng không còn phải chịu cảnh bị đánh đập thường xuyên như trong quá khứ. Cậu đã chuyển đến Natal sống cùng gia đình cha đỡ đầu, được học ở một ngôi trường tốt, dần dần tiến bộ cả về mặt trí tuệ lẫn thể chất. Nhưng nỗi đau mất mát vẫn đè nặng lên trái tim cậu và Zezé vẫn là một cậu nhóc “ hầu như lúc nào cũng buồn”, thậm chí “có lẽ là một trong những cậu nhóc buồn nhất quả đất”.
Nhưng, may thay, Zezé đã tìm được những người bạn mới – cả ở đời thực lẫn trong tưởng tượng – luôn thấu hiểu và sát cánh bên cậu, cùng cậu đi qua hết thày những niềm vui cùng nỗi buồn, những khổ sở, thất vọng, những phiêu lưu mạo hiểm, giúp cậu đối thoại với cuộc sống muôn màu muôn vẻ, với nội tâm đầy mâu thuẫn và đồng thời với cả nỗi buồn thương sâu thẳm trong tâm hồn.
Sâu lắng, day dứt và có những khi buồn đến thắt lòng, nhưng đồng thời, Sưởi ấm mặt trời cũng tràn ngập hơi thở trẻ trung, trong sáng, tràn đầy sức sống và tình yêu thương."
25 Độ Âm,126.400 đ,158.000 đ,8935069924092,Phụ Nữ,Thảo Trang,,Phụ Nữ Việt Nam,2024,,270,20.5 x 13.5 x 1.2 cm,250,Bìa Mềm,"25 Độ Âm
Di cư và nhập cảnh trái phép luôn là vấn đề nhức nhối của nhân loại trong hàng thập kỉ tồn tại và phát triển. Mặc dù các quốc gia đã đưa ra rất nhiều lời cảnh tỉnh và siết chặt an ninh cùng nhiều hình thức trừng phạt mạnh tay, nhưng vấn nạn này chưa bao giờ được giải quyết triệt để, thậm chí thủ đoạn của bọn tội phạm vượt biên còn ngày càng tinh vi và ngoan cố hơn. Chúng ta hẳn không thể nào quên được sự kiện kinh hoàng, gây rúng động toàn thế giới cách đây 5 năm: 1h20ph sáng ngày 23/10/2019, cảnh sát Anh quốc đã phát hiện ra thi thể của 39 người Việt tử vong trong một chiếc xe container đông lạnh. Họ đều là những con người tham gia vào chuyến hành trình vượt biên trái phép và bỏ mạng ngay trước giây phút tưởng chừng đã đặt chân được đến miền đất hứa.
Chúng ta biết được kết cục của họ nhưng không biết họ đã thực sự trải qua những gì, phải đối mặt, đương đầu với những khó khăn, nguy hiểm đáng sợ đến nhường nào khi quyết tâm dấn thân vào con đường phi pháp. Và tiểu thuyết 25 độ âm của tác giả Thảo Trang sẽ phần nào trả lời cho bạn đọc những câu hỏi ấy."
Người Đàn Ông Mang Tên OVE (Tái Bản),131.200 đ,160.000 đ,8934974182375,NXB Trẻ,Fredrik Backman,Hoàng Anh,Trẻ,2022,,430,20 x 13 cm,452,Bìa Mềm,"Người đàn ông mang tên Ove năm nay năm mươi chín tuổi. Ông là kiểu người hay chỉ thẳng mặt những kẻ mà ông không ưa như thể họ là bọn ăn trộm và ngón trỏ của ông là cây đèn pin của cảnh sát. Ove tin tất cả những người ở nơi ông sống đều kém cỏi, ngu dốt và không đáng làm hàng xóm của ông. Ove nguyên tắc, cứng nhắc, cấm cảu và cay nghiệt.
Người đàn ông mang tên Ove lên kế hoạch tự tử. Nhưng những nỗ lực của ông liên tiếp bị phá đám. Bắt đầu từ việc một buổi sáng, một cặp đôi trẻ trung hay chuyện với hai đứa con cũng hay chuyện không kém chuyển đến gần nhà Ove và vô tình lùi xe đâm sầm vào tường nhà ông. Rồi đến con mèo hoang nhếch nhác, tình bạn không ngờ… cuộc sống của ông già mang tên Ove thay đổi hoàn toàn.
Mang chất trào lộng duyên dáng kiểu Bắc Âu nhưng cũng tràn đầy tính nhân văn, cuốn sách trở thành một hiện tượng toàn cầu với gần 3 triệu bản in được bán ra, và được dịch sang 40 ngôn ngữ. Bộ phim cùng tên chuyển thể từ cuốn tiểu thuyết đã được đề cử ở hạng mục phim nói tiếng nước ngoài hay nhất tại Oscar 2017."
Lén Nhặt Chuyện Đời,42.500 đ,85.000,9786043651591,,Mộc Trầm,,Thế Giới,2022,,223,20 x 13 x 1.1 cm,213,Bìa Mềm,"Lén Nhặt Chuyện Đời
Tại vùng ngoại ô xứ Đan Mạch xưa, người thợ kim hoàn Per Enevoldsen đã cho ra mắt một món đồ trang sức lấy ý tưởng từ Pandora - người phụ nữ đầu tiên của nhân loại mang vẻ đẹp như một ngọc nữ phù dung, kiêu sa và bí ẩn trong Thần thoại Hy Lạp. Vòng Pandora được kết hợp từ một sợi dây bằng vàng, bạc hoặc bằng da cùng với những viên charm được chế tác đa dạng, tỉ mỉ. Ý tưởng của ông, mỗi viên charm như một câu chuyện, một kỷ niệm đáng nhớ của người sở hữu chiếc vòng. Khi một viên charm được thêm vào sợi Pandora là cuộc đời lại có thêm một ký ức cần lưu lại để nhớ, để thương, để trân trọng. Lén nhặt chuyện đời ra mắt trong khoảng thời gian chông chênh nhất của bản thân, hay nói cách khác là một cậu bé mới lớn, vừa bước ra khỏi cái vỏ bọc vốn an toàn của mình. Những câu chuyện trong Lén nhặt chuyện đời là những câu chuyện tôi được nghe kể lại, hoặc vô tình bắt gặp, hoặc nhặt nhạnh ở đâu đó trong miền ký ức rời rạc của quá khứ, không theo một trình tự hay một thời gian nào nhất định.
Mỗi một câu chuyện là một viên charm lấp lánh, kiêu kỳ, có sức hút mạnh mẽ đối với một người trẻ như tôi luôn tò mò với những điều dung dị trong cuộc sống. Tôi âm thầm nhặt những viên charm ấy về, kết thành sợi Pandora cho chính mình. Lén ở đây không phải là một cái gì đó vụng trộm, âm thầm sợ người khác phát hiện. Mà nó là lặng lẽ. Tôi lặng lẽ nghe, lặng lẽ quan sát, lặng lẽ đi tìm và lặng lẽ viết nên quyển sách này. Tôi vẫn thích dùng từ Lén hơn, vì đơn giản, tôi thấy bản thân mình trong đó. Lén nhặt chuyện đời được chia thành năm chương: chương thứ nhất nói về tình yêu của cả giới trẻ và người tu sĩ; chương thứ hai viết về gia đình; chương thứ ba dành cho những người trẻ; chương thứ tư là những câu chuyện bên đời, những bài tâm sự của người tu sĩ; chương năm là thơ và chương cuối cùng là tâm sự của bản thân khi tôi đã về già. Nếu ai nghĩ Lén nhặt chuyện đời sẽ giảng thuyết về chân lý, định hướng cho người trẻ hay chữa lành những vết thương… thì đã tìm sai chỗ, bản thân chưa bao giờ nghĩ quyển sách này sẽ làm được điều đó."
Thám Tử Lừng Danh Conan - Tiểu Thuyết - Ngôi Sao 5 Cánh 1 Triệu Đô,49.500 đ,55.000 đ,8935352614570,Nhà Xuất Bản Kim Đồng,"Gosho Aoyama, Takahiro Okura, Shima Mizuki",Thu Hằng,Kim Đồng,2024,,215,19 x 13 x 1 cm,216,Bìa Mềm,"Thám Tử Lừng Danh Conan - Tiểu Thuyết - Ngôi Sao 5 Cánh 1 Triệu Đô
Siêu đạo chích Kaito Kid gửi thiệp thông báo tới gia tộc tài phiệt Onoe ở Hakodate, Hokkaido! Lần này, mục tiêu hắn nhắm đến là thanh kiếm của phó cục trưởng Shinsengumi – Hijikata Toshizo – mà gia tộc này đang cất giữ. Tại sao Kid, vốn chăm chăm săn tìm viên ngọc Big Jewel, giờ lại muốn trộm kiếm? Tình cờ, Conan cũng có mặt tại Hakodate để cổ vũ Hattori Heiji thi đấu kiếm đạo. Heiji bất ngờ đụng độ và giao chiến quyết liệt với Kid...
Có án mạng xảy ra, với hung khí là kiếm Nhật! Cảnh sát tiến hành điều tra, các manh mối dẫn tới một người đàn ông có biệt danh “thương gia tử thần” đang truy tìm kho báu bí ẩn của gia tộc Onoe. Có vẻ kho báu đó có mối liên hệ với thanh kiếm mà Kid đang lăm le... Bị cuốn vào cuộc chiến tranh giành kho báu, Conan sẽ hành động ra sao?
Mời các bạn đón đọc bộ tiểu thuyết Thám tử lừng danh Conan:"
Người Bà Tài Giỏi Vùng Saga,89.600 đ,128.000,8935095631537,Huy Hoang Bookstore,Yoshichi Shimada,Bảo Lam Anh,NXB Thanh Niên,2021,,100,18.5 x 13 cm,216,Bìa Mềm,Hạnh phúc không phải là thứ được định đoạt bằng tiền. Hạnh phúc phải được định đoạt bằng tâm thế của mỗi chúng ta.
Mùa Hè Không Tên - Tặng Kèm Bookmark 2 Mặt + Poster Tranh + Chữ Ký Tác Giả Ngẫu Nhiên,101.400 đ,130.000,8934974189640,NXB Trẻ,Nguyễn Nhật Ánh,,Trẻ,2023,,310,20 x 13 x 1.4 cm,292,Bìa Mềm,"Mùa Hè Không Tên
“Mùa hè không tên” là truyện dài mới nhất của nhà văn Nguyễn Nhật Ánh, với những câu chuyện tuổi thơ với vô số trò tinh nghịch, những thoáng thinh thích hồi hộp cùng vô vàn kỷ niệm. Để rồi khi những tháng ngày trong sáng của tình bạn dần qua, bọn nhỏ trong mỗi gia đình bình dị lớn lên cùng chứng kiến những giây phút cảm động của câu chuyện tình thân, nỗi khát khao hạnh phúc êm đềm, cùng bỡ ngỡ bước vào tuổi lớn nhiều yêu thương mang cả màu va vấp.
Mùa hè năm ấy của cậu bé Khang không chỉ toàn chuyện leo cây hái trái và qua lại với con Nhàn hồn hậu đáng yêu ưa nuôi bọn cá dị tật, mà có Tí, có Chỉnh, rồi Túc, Đính… phải đối mặt với những thử thách của số phận. Nhưng vì sao là “mùa hè không tên”?
“Đó là mùa hè thật đặc biệt với tôi. Sau mùa hè đó, cuộc sống của tôi đã thay đổi mãi mãi.
Vì vậy tôi muốn đặt cho nó một cái tên để nó không giống với những mùa hè khác trong đời tôi mỗi khi tôi nhớ về. Tôi định gọi nó là , hay sến sẩm một chút là nhưng rồi tôi thấy không cái tên nào thật sự phù hợp. Cuối cùng, tôi nghĩ nếu cần phải có một cái tên thì tôi sẽ đặt tên cho nó là . Ờ, mùa hè đặc biệt của tôi cần gì phải khoác một cái tên riêng khi mà mỗi lần đầu óc tôi quay ngược về thời kỳ đó, tôi luôn thấy lòng đầy xáo trộn. Nó đã khắc lên số phận tôi những dấu vết không thể phai mờ - như vết chàm mà con người ta phải mang theo cho đến tận cuối đời.”"
Nhật Ký Đặng Thùy Trâm (Tái Bản 2022),72.000 đ,90.000 đ,8935235234338,Nhã Nam,Đặng Thùy Trâm,,NXB Hội Nhà Văn,2022,,340,20.5 x 13 cm x 1.5,296,Bìa Mềm,"Một cuốn nhật kí nhặt được bên xác của một nữ Việt Cộng đã suýt bị người lính Mỹ ném vào lửa, nhưng người phiên dịch đã khuyên anh ta nên giữ lại vì ""trong đó có lửa"". Nhật kí Đặng Thùy Trâm là những ghi chép hàng ngày của một người nữ bác sĩ về cuộc sống của chị nơi chiến tuyến. Cuốn nhật kí là thế giới riêng của người trí thức nhạy cảm mà không yếu đuối, tha thiết với cuộc sống mà không hề sợ hãi trước những gian nan. Ở đó ta vẫn gặp những băn khoăn trăn trở trước tình yêu, trước cuộc sống phức tạp hàng ngày, những nỗi buồn, nỗi nhớ nhung, sự cô đơn của một người con gái, nhưng đồng thời chúng ta cũng thấy được một ý chí mãnh liệt, những lời nói tự động viên cảnh tỉnh, một lòng can đảm phi thường - những điều đã làm nên một thế hệ anh hùng.
Nhận định
""Chị đứng bên kia chiến tuyến với tôi nhưng những lời của chị làm trái tim tôi đau đớn. Chị là Anne Frank của Việt Nam. Tôi biết cuốn nhật kí này sẽ đi đến khắp nơi trên thế giới"" - Frederic Whitehurst"
Tottochan Bên Cửa Sổ (Tái Bản 2024),96.000 đ,120.000 đ,8935235241848,Nhã Nam,Kuroyanagi Tetsuko,Trương Thùy Lan,Văn Học,2024,,400,20.5 x 14 x 1.8 cm,360,Bìa Mềm,"Tottochan Bên Cửa Sổ
Vừa vào lớp một được vài ngày, Totto-chan đã bị đuổi học!!!
Không còn cách nào khác, mẹ đành đưa Totto-chan đến một ngôi trường mới, trường Tomoe. Đấy là một ngôi trường kỳ lạ, lớp học thì ở trong toa xe điện cũ, học sinh thì được thoả thích thay đổi chỗ ngồi mỗi ngày, muốn học môn nào trước cũng được, chẳng những thế, khi đã học hết bài, các bạn còn được cô giáo cho đi dạo. Đặc biệt hơn ở đó còn có một thầy hiệu trưởng có thể chăm chú lắng nghe Totto-chan kể chuyện suốt bốn tiếng đồng hồ! Chính nhờ ngôi trường đó, một Totto-chan hiếu động, cá biệt đã thu nhận được những điều vô cùng quý giá để lớn lên thành một con người hoàn thiện, mạnh mẽ.
Totto-chan bên cửa sổ là cuốn sách gối đầu giường của nhiều thế hệ trẻ em trên toàn thế giới suốt ba mươi năm nay. Sau khi xuất bản lần đầu vào năm 1981, cuốn sách đã gây được tiếng vang lớn không chỉ ở Nhật Bản mà còn trên toàn thế giới. Tính đến năm 2001, tổng số bản sách bán ra ở Nhật đã lên đến 9,3 triệu bản, trở thành một trong những cuốn sách bán chạy nhất trong lịch sử ngành xuất bản nước này. Cuốn sách đã được dịch ra 33 thứ tiếng khác nhau, như Anh, Pháp, Đức, Hàn Quốc, Trung Quốc…Khi bản tiếng Anh của Totto-chan được xuất bản tại Mỹ, tờ New York Times đã đăng liền hai bài giới thiệu trọn trang, một “vinh dự” hầu như không tác phẩm nào có được."
Người Đua Diều,103.200 đ,129.000 đ,8935235237773,Nhã Nam,Khaled Hosseini,Nguyễn Bản,Hội Nhà Văn,2023,,500,20.5 x 14 x 2 cm,460,Bìa Mềm,"Người Đua Diều
Sơ lược về tác phẩm
Cuốn sách hay nhất trong năm
-Bình chọn của San Francisco Chronicle-
Một trong mười tiểu thuyết hay nhất của năm
-Bình chọn của Entertainment Weekly-
Cuốn sách nổi bật
-Bình chọn của American Library Association-
Cuốn sách hay nhất năm 2006"
Chiến Binh Cầu Vồng (Tái Bản 2020),87.200 đ,109.000 đ,8935235226289,Nhã Nam,Andrea Hirata,Dạ Thảo,NXB Hội Nhà Văn,2020,,450,20.5 x 14 cm,428,Bìa Mềm,"Một tác phẩm có tầm ảnh hưởng sâu rộng nhất Indonesia
“Thầy Harfan và cô Mus nghèo khổ đã mang đến cho tôi tuổi thơ đẹp nhất, tình bạn đẹp nhất, và tâm hồn phong phú, một thứ gì đó vô giá, thậm chí còn có giá trị hơn những khao khát mơ ước. Có thể tôi lầm, nhưng theo ý tôi, đây thật sự là hơi thở của giáo dục và linh hồn của một chốn được gọi là trường học.” - (Trích tác phẩm)
***
Trong ngày khai giảng, nhờ sự xuất hiện vào phút chót của cậu bé thiểu năng trí tuệ Harun, trường Muhammadiyah may mắn thoát khỏi nguy cơ đóng cửa. Nhưng ước mơ dạy và học trong ngôi trường Hồi giáo ấy liệu sẽ đi về đâu, khi ngôi trường xập xệ dường như sẵn sàng sụp xuống bất cứ lúc nào, khi lời đe dọa đóng cửa từ viên thanh tra giáo dục luôn lơ lửng trên đầu, khi những cỗ máy xúc hung dữ đang chực chờ xới tung ngôi trường để dò mạch thiếc…? Và liệu niềm đam mê học tập của những Chiến binh Cầu vồng đó có đủ sức chinh phục quãng đường ngày ngày đạp xe bốn mươi cây số, rồi đầm cá sấu lúc nhúc bọn ăn thịt người, chưa kể sự mê hoặc từ những chuyến phiêu lưu chết người theo tiếng gọi của ngài pháp sư bí ẩn trên đảo Hải Tặc, cùng sức cám dỗ khôn cưỡng từ những đồng tiền còm kiếm được nhờ công việc cu li toàn thời gian ...?"
Kafka Bên Bờ Biển (Tái Bản 2020),126.400 đ,158.000 đ,8935235225817,Nhã Nam,Haruki Murakami,Dương Tường,NXB Văn Học,2020,,550,15.5 x 24 cm x 2.6,539,Bìa Mềm,"Kafka bên bờ biển có hai câu chuyện song song. Một kể về cậu bé Kafka Tamura, một kể về lão già Nakata.
Kafka Tamura luôn có một bản ngã là Quạ theo bên cạnh. Cậu bé mười lăm tuổi này sống với cha sau khi mẹ và chị gái bỏ đi. Cậu luôn bị một lời nguyền của cha ám ảnh: mày sẽ ngủ với mẹ và chị gái mày sau khi giết cha. Kinh sợ, Kafka bỏ nhà ra đi. Cậu chìm đắm trong một thư viện sách khổng lồ ở Takamatsu. Rồi những chuyện bí ẩn xảy ra, cậu gặp cô gái Sakura và bà Miss Saeki, những người mà cậu luôn băn khoăn không biết có phải là chị và mẹ mình. Bố Kafka bị giết, và cậu nghĩ, không biết có phải lời nguyền đã ứng?
Trong khi đó, ở bên kia bờ biển, ông già Nakata cũng có một cuộc hành trình đến Takamatsu. Bị một tai nạn từ nhỏ, Nakata mất trí nhớ và khả năng đọc, viết; tuy nhiên bù lại ông có thể giao tiếp với loài mèo. Vì thế ông nhận sứ mệnh đi tìm con quỷ giết mèo hàng loạt, tìm một phiến đá bí ẩn…
 Kỳ lạ, bí ẩn, pha trộn với hiện đại, Kafka bên bờ biển khiến cho mọi con đường văn học, mọi cách tiếp cận văn học đều bàng hoàng, choáng ngợp."
Một Thoáng Ta Rực Rỡ Ở Nhân Gian,108.000 đ,135.000 đ,8935235232099,Nhã Nam,Ocean Vuong,,Hội Nhà Văn,2021,,350,20.5 x 14 x 1.5 cm,304,Bìa Mềm,"Một Thoáng Ta Rực Rỡ Ở Nhân Gian
“Vuong thực sự có thiên tài quan sát.” The New York Times
“Với một xuất thân bên rìa hết sức xa lạ, Vuong đã viết nên một tác phẩm trữ tình về quá trình tự khám phá chính mình, vừa thành thật đến choáng váng, vừa phổ quát trong từng câu chữ.” The Washington Post
“Bằng sự chính xác của một nhà thơ, Ocean Vuong xem xét liệu biến kinh nghiệm của chúng ta thành từ ngữ có thể chữa lành những vết thương trải hàng thế hệ hay không, và liệu tiếng nói của ta có thể nào thực sự được nghe bởi những người ta yêu thương nhất.” Celeste Ng
Một thoáng ta rực rỡ ở nhân gian viết dưới dạng một lá thư của nhân vật chính, Chó Con, gửi cho người mẹ không biết chữ của mình. Dưới dạng những mẩu chuyện nhỏ, xen kẽ với những đoạn trữ tình ngoại đề, triết lý, và những bài thơ, cuốn sách kể câu chuyện đời không chỉ của Chó Con (tên gọi yêu do bà ngoại đặt cho, nhưng cũng là cách tất cả mọi người trong sách gọi cậu) từ thuở nhỏ đến lúc chớm trưởng thành, mà cả ba thế hệ từ bà, đến mẹ, đến cậu, một cuộc di cư dài từ làng quê Việt Nam sang đất Mỹ, cũng như câu chuyện của những thanh niên Mỹ thế hệ cậu mà đặc trưng là người bạn trai Trevor."
Ngàn Mặt Trời Rực Rỡ (Tái Bản 2019),104.000 đ,130.000 đ,8935235220324,Nhã Nam,Khaled Hosseini,Nguyễn Thị Hương Thảo,NXB Văn học,2019,,560,14 x 20.5,522,Bìa Mềm,"Bốn thập kỷ biến động và ly tán ở Afghanistan, một lối dẫn dắt chân thực bậc thầy, câu chuyện về những số phận bị vùi dập nhưng đầy ám ảnh. Với Ngàn mặt trời rực rỡ, Khaled Hossini đã chứng minh thành công của Người đua diều không phải điều ngẫu nhiên.
Mariam và Laila, hai người phụ nữ, hai tuổi thơ trái ngược nhau, những biến cố khốc liệt khiến họ phải gặp nhau. Một là cô bé con rơi mà cha mình không thể công nhận, một là cô gái thượng lưu sống trong nhung lụa, cả hai cùng trở thành vợ một người đàn ông, cố gắng sinh con cho anh ta, cùng bị đánh đập tàn nhẫn. Một người vợ đã giết chết người chồng chung đó. Còn một người phải rời đất nước ra đi với người yêu và những đứa con. Số phận họ đã hòa quyện vào nhau trong thân phận đau thương, bền bỉ của người phụ nữ Afganistan trước nền chính trị hỗn loạn và tôn giáo hà khắc, làm nên một trường ca tiểu thuyết vô cùng cảm động.
Tạp chí Time xếp Ngàn mặt trời rực rỡ ở vị trí thứ 3 trong 10 tiểu thuyết xuất sắc nhất thế giới năm 2007."
Lúc Biết Xuyên Không Thì Đã Muộn! - Tặng Kèm Card Bo Góc Random 1 Trong 3 Nhân Vật,174.470 đ,239.000,9786044900339,,Mật Tiễn,,Phụ Nữ Việt Nam,2024,,560,24 x 16 x 2.7 cm,544,Bìa Mềm,"Lúc Biết Xuyên Không Thì Đã Muộn!
GIỚI THIỆU TÁC GIẢ:
Mật Tiễn - tác giả văn học mạng được đông đảo độc giả yêu thích bởi tài năng viết lách hài hước và đầy cảm xúc. Tác phẩm đầu tay của Mật Tiễn - Lúc Biết Xuyên Không Thì Đã Muộn! đã đạt gần 1 triệu lượt đọc trên nền tảng số.
GIỚI THIỆU TÁC PHẨM:
LÚC BIẾT XUYÊN KHÔNG THÌ ĐÃ MUỘN!
Trăm tính vạn tính nàng cũng không tính được vì say rượu mà xuyên không, rơi vào Đại Cồ Việt tròn 1000 năm về trước.
Trong cái rủi có cái xui, giữa thời kỳ loạn lạc binh biến, nơi nàng mở mắt tỉnh dậy lại chính là doanh trại quân đội. Con đường sống duy nhất là phải giả trai chịu kiếp nô bộc, làm đủ mọi việc chỉ mong yên thân."
Bước Chậm Lại Giữa Thế Gian Vội Vã (Tái Bản 2018),68.000 đ,85.000 đ,8935235217737,Nhã Nam,Hae Min,Nguyễn Việt Tú Anh,NXB Hội Nhà Văn,2018,,280,14 x 20.5,254,Bìa Mềm,"Bước Chậm Lại Giữa Thế Gian Vội Vã (Tái Bản 2018)
Chen vai thích cánh để có một chỗ bám trên xe buýt giờ đi làm, nhích từng xentimét bánh xe trên đường lúc tan sở, quay cuồng với thi cử và tiến độ công việc, lu bù vướng mắc trong những mối quan hệ cả thân lẫn sơ… bạn có luôn cảm thấy thế gian xung quanh mình đang xoay chuyển quá vội vàng?
Nếu có thể, hãy tạm dừng một bước.
Để tự hỏi, là do thế gian này vội vàng hay do chính tâm trí bạn đang quá bận rộn? Để cầm cuốn sách nhỏ dung dị mà lắng đọng này lên, chậm rãi lật giở từng trang, thong thả khám phá những điều mà chỉ khi bước chậm lại mới có thể thấu rõ: về các mối quan hệ, về chính bản thân mình, về những trăn trở trước cuộc đời và nhân thế, về bao điều lý trí rất hiểu nhưng trái tim chưa cách nào nghe theo…
Ra mắt lần đầu năm 2012, Bước chậm lại giữa thế gian vội vã của Đại đức Hae Min đã liên tục đứng đầu danh sách best-seller của nhiều trang sách trực tuyến uy tín của Hàn Quốc, trở thành cuốn sách chữa lành cho hàng triệu người trẻ luôn tất bật với nhịp sống hiện đại hối hả."
Làm Bạn Với Bầu Trời - Tặng Kèm Khung Hình Xinh Xắn,90.200 đ,110.000 đ,8934974164135,NXB Trẻ,Nguyễn Nhật Ánh,,NXB Trẻ,2019,,300,13 x 20 x 1.1,220,Bìa Mềm,"Làm Bạn Với Bầu Trời
Một câu chuyện giản dị, chứa đầy bất ngờ cho tới trang cuối cùng. Và đẹp lộng lẫy, vì lòng vị tha và tình yêu thương, khiến mắt rưng rưng vì một nỗi mừng vui hân hoan. Cuốn sách như một đốm lửa thắp lên lòng khát khao sống tốt trên đời.
Viết về điều tốt đã không dễ, viết sao cho người đọc có thể đón nhận đầy cảm xúc tích cực, và muốn được hưởng, được làm những điều tốt dù nhỏ bé... mới thật là khó. Làm bạn với bầu trời của Nguyễn Nhật Ánh đã làm được điều này.
Như nhà văn từng phát biểu “...điểm mạnh của văn chương nằm ở khả năng thẩm thấu. Bằng hình thức đặc thù của mình, văn chương góp phần mài sắc các ý niệm đạo đức nơi người đọc một cách vô hình. Bồi đắp tâm hồn và nhân cách một cách âm thầm và bền bỉ, đó là chức năng gốc rễ của văn chương, đặc biệt là văn chương viết cho thanh thiếu niên.”"
Lũ Trẻ Đường Tàu,76.300 đ,109.000,8935212365994,Đinh Tị,Edith Nesbit,Dạ Thảo,Thanh Niên,2023,,300,20.5 x 14.5 x 1.4 cm,288,Bìa Mềm,"Lũ Trẻ Đường Tàu
Kỳ thực chúng nào phải là trẻ đường tàu. Tôi đoán chừng là chúng chưa từng lăn tăn gì về đường tàu ngoại trừ ấy là phương tiện đưa chúng tới Maskelyne và Cooke để xem ảo thuật, coi kịch câm pantomime, đi chơi vườn bách thảo, và tham quan bảo tàng tượng sáp Madame Tussaud. Chúng chỉ là những đứa trẻ ngoại ô bình thường, sống cùng cha mẹ trong một căn biệt thự bình thường có mặt tiền ốp gạch đỏ, cửa ra vào lắp kính màu, một lối đi lát gạch gọi là hành lang, một phòng tắm có nước nóng lạnh, chuông điện, cửa sổ kiểu Pháp, tường quét vôi trắng, và “mọi tiện nghi hiện đại”, theo ngôn ngữ của cánh môi giới nhà đất."
Con Chim Xanh Biếc Bay Về - Tặng Kèm 6 Postcard,123.000 đ,150.000 đ,8934974170617,NXB Trẻ,Nguyễn Nhật Ánh,,NXB Trẻ,2020,,400,20 x 13 cm,396,Bìa Mềm,"Con Chim Xanh Biếc Bay Về
Không giống như những tác phẩm trước đây lấy bối cảnh vùng quê miền Trung đầy ắp những hoài niệm tuổi thơ dung dị, trong trẻo với các nhân vật ở độ tuổi dậy thì, trong quyển sách mới lần này nhà văn Nguyễn Nhật Ánh lấy bối cảnh chính là Sài Gòn – Thành phố Hồ Chí Minh nơi tác giả sinh sống (như là một sự đền đáp ân tình với mảnh đất miền Nam). Các nhân vật chính trong truyện cũng “lớn” hơn, với những câu chuyện mưu sinh lập nghiệp lắm gian nan thử thách của các sinh viên trẻ đầy hoài bão. Tất nhiên không thể thiếu những câu chuyện tình cảm động, kịch tính và bất ngờ khiến bạn đọc ngẩn ngơ, cười ra nước mắt. Và như trong mọi tác phẩm Nguyễn Nhật Ánh, sự tử tế và tinh thần hướng thượng vẫn là điểm nhấn quan trọng trong quyển sách mới này.
Như một cuốn phim “trinh thám tình yêu”, Con chim xanh biếc bay về dẫn bạn đi hết từ bất ngờ này đến tò mò suy đoán khác, để kết thúc bằng một nỗi hân hoan vô bờ sau bao phen hồi hộp nghi kỵ đến khó thở."
Một Lít Nước Mắt (Tái Bản 2019),64.000 đ,80.000 đ,8935235222076,Nhã Nam,Kito Aya,Trần Trọng Đức,NXB Hội Nhà Văn,2019,,300,14 x 19 x 1.5,289,Bìa Mềm,"Một Lít Nước Mắt (Tái Bản 2019)
“Hãy sống! Mình muốn hít thở thật sâu dưới trời xanh.”
Một tâm hồn nhạy cảm.
Một gia đình ấm áp.
Một căn bệnh hiểm nghèo.
Một cơ thể tật nguyền.
Đó là những gì Kito Aya có trong hơn 20 năm cuộc đời. Với Aya, tương lai của cô là một con đường hẹp, và càng ngày nó càng trở nên hẹp hơn. Căn bệnh ngăn trở Aya khỏi tất cả những ước mơ và dự định, thậm chí việc tự mình bước ra ngoài phố để đi tới hiệu sách cũng trở thành một khao khát cháy bỏng. Hơn 6 năm kiên trì viết nhật ký, cô kể về những cảm nhận và suy tư của bản thân trong suốt quãng thời gian chứng kiến cơ thể mình từng bước từng bước gánh lấy một số phận đau đớn . Nhưng từ trong nước mắt và tật nguyền, cuộc tìm kiếm giá trị bản thân của cô đã làm rúng động cả Nhật Bản."
Thám Tử Lừng Danh Conan - Tiểu Thuyết - Tàu Ngầm Sắt Màu Đen,45.000 đ,50.000 đ,8935244895773,Nhà Xuất Bản Kim Đồng,"Gosho Aoyama, Takeharu Sakurai, Shima Mizuki",Thu Hằng,Kim Đồng,2023,,240,19 x 13 x 1.1 cm,224,Bìa Mềm,"Thám Tử Lừng Danh Conan - Tiểu Thuyết - Tàu Ngầm Sắt Màu Đen
Lần đầu tiên được phát hành đồng thời cùng phim điện ảnh.
Vào ngày 21/7 bộ phim chính thức khởi chiếu tại Việt Nam sau khi trở thành bom tấn phòng vé với doanh thu hơn 13 tỉ Yên tại Nhật.
TÀU NGẦM SẮT MÀU ĐEN là một vụ án quy mô lớn, phức tạp với bối cảnh là đảo Hachijo-jima, nơi thám tử Conan, tổ chức FBI và lực lượng cảnh sát Nhật Bản sẽ đụng độ với những thành viên cộm cán nhất của tổ chức Áo đen.
Phao Thái Bình Dương là cơ sở công nghệ cao kết nối mạng lưới máy quay an ninh toàn cầu. Kĩ sư từ khắp thế giới tề tựu về đây cùng thử nghiệm hệ thống camera tối tân “Xác thực già trẻ” do kĩ sư thiên tài Naomi chế tạo. Nhưng Naomi bị bắt cóc cùng với usb chứa bí mật…"
